iter,loss,lr,val_psnr,sec_per_100it
100,0.068098,4.000e-05,,40.9
200,0.017598,8.000e-05,,29.4
300,0.013816,1.200e-04,,28.7
400,0.012641,1.600e-04,,27.9
500,0.012234,2.000e-04,,28.3
600,0.011261,2.000e-04,,27.8
700,0.010898,2.000e-04,,27.7
800,0.010761,2.000e-04,,27.6
900,0.010952,1.999e-04,,27.3
1000,0.010402,1.999e-04,,27.8
1100,0.010244,1.999e-04,,26.5
1200,0.010319,1.998e-04,,27.0
1300,0.010172,1.998e-04,,26.4
1400,0.010055,1.997e-04,,28.2
1500,0.009969,1.997e-04,,28.0
1600,0.010107,1.996e-04,,27.7
1700,0.009691,1.995e-04,,27.9
1800,0.010056,1.995e-04,,28.0
1900,0.009899,1.994e-04,,28.4
2000,0.009786,1.993e-04,,28.6
2000,,,34.9790,
2100,0.009831,1.992e-04,,35.5
2200,0.009824,1.991e-04,,28.1
2300,0.009712,1.990e-04,,28.0
2400,0.009735,1.989e-04,,28.1
2500,0.009807,1.987e-04,,27.8
2600,0.009620,1.986e-04,,27.3
2700,0.009777,1.985e-04,,28.1
2800,0.009685,1.983e-04,,27.9
2900,0.009717,1.982e-04,,27.6
3000,0.009682,1.980e-04,,28.1
3100,0.009661,1.979e-04,,27.9
3200,0.009532,1.977e-04,,28.2
3300,0.009725,1.975e-04,,28.5
3400,0.009551,1.974e-04,,28.3
3500,0.009689,1.972e-04,,27.9
3600,0.009565,1.970e-04,,26.7
3700,0.009582,1.968e-04,,26.6
3800,0.009571,1.966e-04,,27.7
3900,0.009683,1.964e-04,,27.9
4000,0.009505,1.962e-04,,27.5
4000,,,35.2243,
4100,0.009520,1.960e-04,,35.3
4200,0.009680,1.957e-04,,27.9
4300,0.009512,1.955e-04,,27.4
4400,0.009621,1.953e-04,,27.7
4500,0.009442,1.950e-04,,27.8
4600,0.009544,1.948e-04,,27.1
4700,0.009504,1.945e-04,,27.7
4800,0.009566,1.942e-04,,27.7
4900,0.009518,1.940e-04,,27.8
5000,0.009481,1.937e-04,,27.8
5100,0.009520,1.934e-04,,28.1
5200,0.009538,1.931e-04,,28.1
5300,0.009356,1.928e-04,,27.7
5400,0.009581,1.925e-04,,28.0
5500,0.009418,1.922e-04,,27.1
5600,0.009696,1.919e-04,,28.2
5700,0.009310,1.916e-04,,28.4
5800,0.009513,1.913e-04,,28.1
5900,0.009528,1.910e-04,,27.8
6000,0.009345,1.906e-04,,27.3
6000,,,35.2636,
6100,0.009438,1.903e-04,,34.5
6200,0.009460,1.900e-04,,28.2
6300,0.009422,1.896e-04,,28.2
6400,0.009478,1.892e-04,,27.6
6500,0.009413,1.889e-04,,27.8
6600,0.009427,1.885e-04,,27.3
6700,0.009321,1.881e-04,,27.9
6800,0.009395,1.878e-04,,28.0
6900,0.009531,1.874e-04,,28.0
7000,0.009484,1.870e-04,,28.0
7100,0.009335,1.866e-04,,28.0
7200,0.009372,1.862e-04,,28.1
7300,0.009339,1.858e-04,,28.1
7400,0.009320,1.854e-04,,27.8
7500,0.009520,1.850e-04,,28.1
7600,0.009291,1.846e-04,,28.1
7700,0.009510,1.841e-04,,28.3
7800,0.009335,1.837e-04,,27.8
7900,0.009452,1.833e-04,,27.6
8000,0.009315,1.828e-04,,27.6
8000,,,35.2842,
8100,0.009352,1.824e-04,,34.7
8200,0.009513,1.819e-04,,26.9
8300,0.009167,1.815e-04,,28.0
8400,0.009411,1.810e-04,,26.4
8500,0.009309,1.805e-04,,26.1
8600,0.009399,1.801e-04,,26.5
8700,0.009333,1.796e-04,,27.7
8800,0.009422,1.791e-04,,27.8
8900,0.009221,1.786e-04,,27.8
9000,0.009368,1.781e-04,,27.6
9100,0.009398,1.776e-04,,27.7
9200,0.009218,1.771e-04,,27.1
9300,0.009363,1.766e-04,,27.4
9400,0.009254,1.761e-04,,27.6
9500,0.009396,1.756e-04,,27.1
9600,0.009283,1.751e-04,,27.9
9700,0.009302,1.745e-04,,27.5
9800,0.009304,1.740e-04,,27.7
9900,0.009313,1.735e-04,,27.7
10000,0.009288,1.729e-04,,27.7
10000,,,35.2585,
10100,0.009305,1.724e-04,,34.3
10200,0.009296,1.718e-04,,31.1
10300,0.009299,1.713e-04,,27.3
10400,0.009178,1.707e-04,,26.9
10500,0.009406,1.702e-04,,27.5
10600,0.009361,1.696e-04,,27.5
10700,0.009191,1.690e-04,,28.0
10800,0.009243,1.684e-04,,27.3
10900,0.009359,1.679e-04,,26.8
11000,0.009224,1.673e-04,,26.5
11100,0.009221,1.667e-04,,26.8
11200,0.009236,1.661e-04,,27.4
11300,0.009241,1.655e-04,,27.4
11400,0.009283,1.649e-04,,27.2
11500,0.009231,1.643e-04,,26.8
11600,0.009227,1.637e-04,,27.1
11700,0.009259,1.631e-04,,27.7
11800,0.009220,1.625e-04,,28.1
11900,0.009387,1.618e-04,,27.7
12000,0.009121,1.612e-04,,27.5
12000,,,35.2704,
12100,0.009187,1.606e-04,,35.1
12200,0.009338,1.599e-04,,28.4
12300,0.009167,1.593e-04,,27.5
12400,0.009231,1.587e-04,,27.8
12500,0.009250,1.580e-04,,28.0
12600,0.009159,1.574e-04,,28.2
12700,0.009195,1.567e-04,,27.9
12800,0.009159,1.561e-04,,28.2
12900,0.009289,1.554e-04,,28.3
13000,0.009151,1.548e-04,,28.1
13100,0.009195,1.541e-04,,27.9
13200,0.009207,1.534e-04,,27.7
13300,0.009190,1.527e-04,,26.9
13400,0.009164,1.521e-04,,25.9
13500,0.009219,1.514e-04,,26.2
13600,0.009167,1.507e-04,,27.1
13700,0.009144,1.500e-04,,27.5
13800,0.009192,1.493e-04,,27.9
13900,0.009099,1.486e-04,,27.6
14000,0.009256,1.480e-04,,27.7
14000,,,35.2393,
14100,0.009177,1.473e-04,,34.7
14200,0.009153,1.466e-04,,27.3
14300,0.009246,1.459e-04,,27.6
14400,0.009140,1.451e-04,,27.2
14500,0.009011,1.444e-04,,27.9
14600,0.009307,1.437e-04,,27.5
14700,0.009118,1.430e-04,,26.9
14800,0.009251,1.423e-04,,27.1
14900,0.009090,1.416e-04,,27.8
15000,0.009085,1.409e-04,,27.3
15100,0.009128,1.401e-04,,27.1
15200,0.009168,1.394e-04,,28.1
15300,0.009130,1.387e-04,,28.5
15400,0.009120,1.379e-04,,28.3
15500,0.009070,1.372e-04,,28.4
15600,0.009172,1.365e-04,,28.2
15700,0.009132,1.357e-04,,28.1
15800,0.009113,1.350e-04,,26.6
15900,0.009102,1.342e-04,,26.3
16000,0.009194,1.335e-04,,26.5
16000,,,35.2461,
16100,0.008968,1.328e-04,,34.9
16200,0.009180,1.320e-04,,27.8
16300,0.009094,1.313e-04,,27.9
16400,0.009066,1.305e-04,,27.9
16500,0.009140,1.297e-04,,28.0
16600,0.009025,1.290e-04,,27.8
16700,0.009212,1.282e-04,,27.8
16800,0.009016,1.275e-04,,27.4
16900,0.009100,1.267e-04,,26.1
17000,0.009072,1.259e-04,,26.4
17100,0.009079,1.252e-04,,26.3
17200,0.009110,1.244e-04,,26.3
17300,0.009067,1.236e-04,,26.8
17400,0.009027,1.229e-04,,26.7
17500,0.009002,1.221e-04,,26.4
17600,0.009175,1.213e-04,,26.6
17700,0.009003,1.205e-04,,26.3
17800,0.009085,1.198e-04,,26.2
17900,0.008993,1.190e-04,,26.6
18000,0.009097,1.182e-04,,26.5
18000,,,35.1616,
18100,0.009221,1.174e-04,,34.0
18200,0.008980,1.167e-04,,26.5
18300,0.008939,1.159e-04,,26.7
18400,0.009069,1.151e-04,,26.4
18500,0.009117,1.143e-04,,27.0
18600,0.008946,1.135e-04,,26.9
18700,0.009001,1.127e-04,,26.9
18800,0.009111,1.120e-04,,26.8
18900,0.009001,1.112e-04,,25.9
19000,0.009062,1.104e-04,,26.3
19100,0.009052,1.096e-04,,25.8
19200,0.008946,1.088e-04,,25.7
19300,0.008973,1.080e-04,,25.5
19400,0.009063,1.072e-04,,25.9
19500,0.009036,1.064e-04,,26.1
19600,0.008994,1.056e-04,,26.4
19700,0.009012,1.049e-04,,26.6
19800,0.009030,1.041e-04,,25.8
19900,0.008953,1.033e-04,,25.6
20000,0.009068,1.025e-04,,25.7
20000,,,35.1644,
20100,0.009003,1.017e-04,,32.1
20200,0.008943,1.009e-04,,26.2
20300,0.009002,1.001e-04,,27.1
20400,0.009047,9.932e-05,,28.1
20500,0.008970,9.853e-05,,28.3
20600,0.008836,9.774e-05,,28.0
20700,0.009148,9.695e-05,,27.4
20800,0.008971,9.616e-05,,27.4
20900,0.008985,9.537e-05,,27.8
21000,0.008985,9.458e-05,,27.3
21100,0.009137,9.379e-05,,27.2
21200,0.008939,9.300e-05,,27.4
21300,0.008855,9.221e-05,,27.3
21400,0.008971,9.142e-05,,27.6
21500,0.008963,9.063e-05,,27.1
21600,0.008984,8.984e-05,,26.5
21700,0.009049,8.906e-05,,26.6
21800,0.008876,8.827e-05,,27.0
21900,0.008952,8.749e-05,,26.4
22000,0.008918,8.670e-05,,26.8
22000,,,35.1302,
22100,0.008980,8.592e-05,,33.2
22200,0.008960,8.514e-05,,26.4
22300,0.009007,8.436e-05,,26.3
22400,0.008874,8.358e-05,,26.2
22500,0.008966,8.280e-05,,26.2
22600,0.008938,8.202e-05,,25.7
22700,0.008944,8.124e-05,,26.1
22800,0.008941,8.047e-05,,26.0
22900,0.008894,7.969e-05,,25.9
23000,0.008947,7.892e-05,,27.2
23100,0.008960,7.815e-05,,26.1
23200,0.009081,7.738e-05,,26.7
23300,0.008908,7.661e-05,,26.6
23400,0.008814,7.584e-05,,26.2
23500,0.009008,7.507e-05,,26.2
23600,0.008774,7.431e-05,,26.3
23700,0.008987,7.355e-05,,26.6
23800,0.008944,7.279e-05,,26.2
23900,0.008869,7.203e-05,,26.5
24000,0.008940,7.127e-05,,26.1
24000,,,35.1330,
24100,0.008884,7.051e-05,,33.2
24200,0.008877,6.976e-05,,26.2
24300,0.008971,6.901e-05,,26.7
24400,0.008914,6.826e-05,,26.6
24500,0.008909,6.751e-05,,25.9
24600,0.008892,6.677e-05,,26.4
24700,0.008963,6.602e-05,,26.3
24800,0.008779,6.528e-05,,26.2
24900,0.008960,6.454e-05,,26.0
25000,0.008982,6.381e-05,,26.1
25100,0.008860,6.307e-05,,26.2
25200,0.008845,6.234e-05,,26.3
25300,0.008839,6.161e-05,,26.0
25400,0.008994,6.088e-05,,26.4
25500,0.008837,6.016e-05,,26.5
25600,0.008815,5.944e-05,,27.2
25700,0.008971,5.872e-05,,26.6
25800,0.008865,5.800e-05,,26.5
25900,0.008935,5.728e-05,,26.3
26000,0.008704,5.657e-05,,26.6
26000,,,35.1118,
26100,0.009009,5.586e-05,,33.4
26200,0.008918,5.516e-05,,26.5
26300,0.008862,5.446e-05,,29.3
26400,0.008844,5.376e-05,,27.5
26500,0.008839,5.306e-05,,27.9
26600,0.008949,5.236e-05,,27.8
26700,0.008838,5.167e-05,,27.7
26800,0.008841,5.099e-05,,28.0
26900,0.008867,5.030e-05,,27.6
27000,0.008887,4.962e-05,,27.4
27100,0.008820,4.894e-05,,27.8
27200,0.008907,4.827e-05,,27.8
27300,0.008856,4.759e-05,,27.8
27400,0.008815,4.692e-05,,28.0
27500,0.008798,4.626e-05,,28.1
27600,0.008957,4.560e-05,,28.5
27700,0.008841,4.494e-05,,28.1
27800,0.008860,4.429e-05,,28.1
27900,0.008863,4.363e-05,,27.5
28000,0.009006,4.299e-05,,28.1
28000,,,35.0958,
28100,0.008578,4.234e-05,,35.4
28200,0.008962,4.170e-05,,28.8
28300,0.008934,4.107e-05,,28.2
28400,0.008684,4.043e-05,,28.7
28500,0.008914,3.980e-05,,28.3
28600,0.008760,3.918e-05,,27.8
28700,0.008928,3.856e-05,,28.1
28800,0.008837,3.794e-05,,28.5
28900,0.008858,3.733e-05,,28.1
29000,0.008865,3.672e-05,,28.7
29100,0.008786,3.611e-05,,28.3
29200,0.008862,3.551e-05,,28.6
29300,0.008970,3.491e-05,,29.2
29400,0.008672,3.432e-05,,28.3
29500,0.008807,3.373e-05,,28.6
29600,0.008841,3.315e-05,,28.1
29700,0.008836,3.257e-05,,27.9
29800,0.008854,3.199e-05,,27.7
29900,0.008808,3.142e-05,,28.3
30000,0.008816,3.085e-05,,27.7
30000,,,35.0810,
30100,0.008893,3.029e-05,,35.4
30200,0.008732,2.973e-05,,27.9
30300,0.008841,2.918e-05,,28.3
30400,0.008739,2.863e-05,,27.6
30500,0.008850,2.808e-05,,28.1
30600,0.008874,2.754e-05,,27.9
30700,0.008815,2.701e-05,,27.8
30800,0.008726,2.647e-05,,27.6
30900,0.008904,2.595e-05,,28.3
31000,0.008898,2.543e-05,,27.5
31100,0.008685,2.491e-05,,28.1
31200,0.008856,2.440e-05,,27.7
31300,0.008774,2.389e-05,,27.7
31400,0.009004,2.339e-05,,27.9
31500,0.008653,2.289e-05,,27.7
31600,0.008786,2.240e-05,,27.7
31700,0.008909,2.191e-05,,28.4
31800,0.008729,2.143e-05,,28.4
31900,0.008812,2.095e-05,,28.2
32000,0.008828,2.048e-05,,27.9
32000,,,35.0626,
32100,0.008780,2.001e-05,,35.6
32200,0.008751,1.954e-05,,28.1
32300,0.008850,1.909e-05,,28.4
32400,0.008807,1.863e-05,,29.2
32500,0.008836,1.819e-05,,28.9
32600,0.008931,1.775e-05,,29.5
32700,0.008633,1.731e-05,,29.9
32800,0.008782,1.688e-05,,29.0
32900,0.008864,1.645e-05,,29.1
33000,0.008747,1.603e-05,,28.9
33100,0.008831,1.561e-05,,29.3
33200,0.008833,1.520e-05,,28.8
33300,0.008722,1.480e-05,,28.8
33400,0.008729,1.440e-05,,28.7
33500,0.008813,1.401e-05,,29.5
33600,0.008841,1.362e-05,,29.0
33700,0.008873,1.324e-05,,28.3
33800,0.008683,1.286e-05,,28.3
33900,0.008822,1.249e-05,,28.0
34000,0.008743,1.212e-05,,28.0
34000,,,35.0377,
34100,0.008913,1.176e-05,,34.9
34200,0.008713,1.140e-05,,29.0
34300,0.008867,1.105e-05,,28.1
34400,0.008702,1.071e-05,,28.8
34500,0.008795,1.037e-05,,28.6
34600,0.008697,1.004e-05,,28.4
34700,0.008940,9.713e-06,,28.5
34800,0.008724,9.392e-06,,28.3
34900,0.008626,9.077e-06,,28.1
35000,0.008985,8.767e-06,,28.8
35100,0.008744,8.464e-06,,28.9
35200,0.008788,8.166e-06,,26.9
35300,0.008680,7.874e-06,,26.4
35400,0.008883,7.588e-06,,27.0
35500,0.008702,7.308e-06,,27.7
35600,0.008941,7.033e-06,,28.0
35700,0.008705,6.765e-06,,27.4
35800,0.008703,6.502e-06,,27.6
35900,0.008913,6.246e-06,,28.2
36000,0.008727,5.995e-06,,27.8
36000,,,35.0393,
36100,0.008767,5.751e-06,,35.2
36200,0.008750,5.512e-06,,27.8
36300,0.008824,5.280e-06,,27.4
36400,0.008736,5.053e-06,,27.5
36500,0.008888,4.832e-06,,26.7
36600,0.008713,4.618e-06,,27.8
36700,0.008902,4.410e-06,,27.7
36800,0.008630,4.207e-06,,28.0
36900,0.008803,4.011e-06,,27.3
37000,0.008718,3.821e-06,,27.4
37100,0.008870,3.637e-06,,27.8
37200,0.008744,3.459e-06,,27.9
37300,0.008799,3.287e-06,,27.8
37400,0.008899,3.121e-06,,27.6
37500,0.008632,2.962e-06,,27.7
37600,0.008800,2.809e-06,,27.7
37700,0.008755,2.662e-06,,26.8
37800,0.008773,2.521e-06,,27.8
37900,0.008803,2.386e-06,,27.9
38000,0.008841,2.257e-06,,28.1
38000,,,35.0312,
38100,0.008681,2.135e-06,,35.1
38200,0.008729,2.019e-06,,27.6
38300,0.008839,1.909e-06,,27.2
38400,0.008756,1.806e-06,,27.2
38500,0.008742,1.708e-06,,27.4
38600,0.008888,1.617e-06,,27.6
38700,0.008692,1.532e-06,,27.4
38800,0.008834,1.454e-06,,27.0
38900,0.008753,1.381e-06,,27.8
39000,0.008734,1.315e-06,,27.6
39100,0.008765,1.255e-06,,27.8
39200,0.008869,1.202e-06,,27.3
39300,0.008687,1.155e-06,,27.5
39400,0.008660,1.114e-06,,27.1
39500,0.008793,1.079e-06,,27.4
39600,0.008867,1.051e-06,,27.3
39700,0.008727,1.029e-06,,26.8
39800,0.008764,1.013e-06,,27.8
39900,0.008829,1.003e-06,,27.3
40000,0.008783,1.000e-06,,26.9
40000,,,35.0328,
