iter,loss,lr,val_psnr,sec_per_100it,val_l1_spec,val_sam,val_sam_valid_frac,val_sharpness,val_hf_energy,val_ssim,val_lpips,val_sam_hr,val_ergas
100,0.079274,4.000e-05,,41.6,,,,,,,,,
200,0.020241,8.000e-05,,29.3,,,,,,,,,
300,0.015444,1.200e-04,,25.4,,,,,,,,,
400,0.013630,1.600e-04,,25.4,,,,,,,,,
500,0.012940,2.000e-04,,25.4,,,,,,,,,
500,,,33.4191,,0.00825103,0.04763488,0.999850,0.03148472,0.04364170,0.795189,0.518160,4.455766,5.365666
600,0.012007,2.000e-04,,38.6,,,,,,,,,
700,0.011800,1.999e-04,,25.4,,,,,,,,,
800,0.011371,1.997e-04,,24.9,,,,,,,,,
900,0.011035,1.994e-04,,25.0,,,,,,,,,
1000,0.010774,1.991e-04,,25.8,,,,,,,,,
1000,,,34.6664,,0.00474817,0.02586484,0.999850,0.03247663,0.01703462,0.819686,0.440019,3.339272,4.390856
1100,0.010734,1.987e-04,,36.0,,,,,,,,,
1200,0.010672,1.982e-04,,25.8,,,,,,,,,
1300,0.010619,1.976e-04,,25.1,,,,,,,,,
1400,0.010361,1.970e-04,,25.4,,,,,,,,,
1500,0.010453,1.963e-04,,25.7,,,,,,,,,
1500,,,34.9505,,0.00378687,0.01799352,0.999850,0.03386898,0.01282099,0.826431,0.420467,3.169743,4.285036
1600,0.010297,1.955e-04,,37.0,,,,,,,,,
1700,0.010008,1.947e-04,,26.3,,,,,,,,,
1800,0.010292,1.938e-04,,25.4,,,,,,,,,
1900,0.010182,1.928e-04,,25.7,,,,,,,,,
2000,0.010075,1.918e-04,,25.6,,,,,,,,,
2000,,,35.1028,,0.00318463,0.01674653,0.999850,0.03452701,0.01260780,0.829667,0.409908,3.081857,4.207969
2100,0.010075,1.907e-04,,35.5,,,,,,,,,
2200,0.010202,1.895e-04,,25.1,,,,,,,,,
2300,0.009945,1.882e-04,,24.9,,,,,,,,,
2400,0.010098,1.869e-04,,25.5,,,,,,,,,
2500,0.009891,1.855e-04,,25.2,,,,,,,,,
2500,,,35.1311,,0.00324322,0.01426479,0.999850,0.03499796,0.01297995,0.830725,0.405031,3.027098,4.182279
2600,0.010020,1.841e-04,,35.9,,,,,,,,,
2700,0.009919,1.826e-04,,25.6,,,,,,,,,
2800,0.009956,1.810e-04,,24.9,,,,,,,,,
2900,0.010001,1.794e-04,,25.0,,,,,,,,,
3000,0.009876,1.777e-04,,25.0,,,,,,,,,
3000,,,35.1376,,0.00347381,0.01590218,0.999850,0.03412118,0.01464860,0.830985,0.404738,2.988827,4.166396
3100,0.009763,1.760e-04,,35.7,,,,,,,,,
3200,0.009998,1.742e-04,,25.4,,,,,,,,,
3300,0.010012,1.723e-04,,24.9,,,,,,,,,
3400,0.009779,1.704e-04,,25.1,,,,,,,,,
3500,0.009834,1.684e-04,,25.4,,,,,,,,,
3500,,,35.1874,,0.00327921,0.01604942,0.999850,0.03414947,0.01314883,0.831959,0.400142,2.965391,4.146227
3600,0.009879,1.664e-04,,35.4,,,,,,,,,
3700,0.009859,1.644e-04,,25.2,,,,,,,,,
3800,0.009847,1.623e-04,,24.5,,,,,,,,,
3900,0.009802,1.601e-04,,25.4,,,,,,,,,
4000,0.009910,1.579e-04,,25.1,,,,,,,,,
4000,,,35.2209,,0.00313470,0.01396521,0.999850,0.03448206,0.01397117,0.832634,0.395113,2.932404,4.133076
4100,0.009838,1.557e-04,,35.7,,,,,,,,,
4200,0.009738,1.534e-04,,25.3,,,,,,,,,
4300,0.009810,1.511e-04,,25.1,,,,,,,,,
4400,0.009867,1.487e-04,,24.9,,,,,,,,,
4500,0.009790,1.463e-04,,25.2,,,,,,,,,
4500,,,35.2186,,0.00299469,0.01393858,0.999850,0.03417558,0.01319048,0.832404,0.393059,2.937521,4.140427
4600,0.009854,1.439e-04,,35.6,,,,,,,,,
4700,0.009638,1.414e-04,,25.3,,,,,,,,,
4800,0.009834,1.389e-04,,24.9,,,,,,,,,
4900,0.009802,1.364e-04,,25.2,,,,,,,,,
5000,0.009781,1.338e-04,,25.4,,,,,,,,,
5000,,,35.2307,,0.00292555,0.01290469,0.999850,0.03499424,0.01361033,0.832557,0.389586,2.957346,4.155113
5100,0.009596,1.313e-04,,36.1,,,,,,,,,
5200,0.009829,1.287e-04,,25.7,,,,,,,,,
5300,0.009837,1.261e-04,,24.9,,,,,,,,,
5400,0.009735,1.234e-04,,25.2,,,,,,,,,
5500,0.009896,1.208e-04,,25.0,,,,,,,,,
5500,,,35.2309,,0.00306916,0.01369108,0.999850,0.03482687,0.01403359,0.832736,0.387246,2.922900,4.134698
5600,0.009584,1.181e-04,,36.0,,,,,,,,,
5700,0.009758,1.154e-04,,25.0,,,,,,,,,
5800,0.009684,1.127e-04,,24.7,,,,,,,,,
5900,0.009753,1.100e-04,,25.2,,,,,,,,,
6000,0.009696,1.073e-04,,25.4,,,,,,,,,
6000,,,35.2494,,0.00311159,0.01481325,0.999850,0.03458500,0.01371655,0.833739,0.386941,2.903410,4.114463
6100,0.009709,1.046e-04,,35.9,,,,,,,,,
6200,0.009637,1.019e-04,,25.8,,,,,,,,,
6300,0.009809,9.917e-05,,24.8,,,,,,,,,
6400,0.009783,9.645e-05,,25.3,,,,,,,,,
6500,0.009481,9.374e-05,,25.2,,,,,,,,,
6500,,,35.2544,,0.00305827,0.01316147,0.999850,0.03435038,0.01366072,0.833573,0.386660,2.898090,4.117330
6600,0.009696,9.103e-05,,35.9,,,,,,,,,
6700,0.009651,8.833e-05,,25.2,,,,,,,,,
6800,0.009751,8.563e-05,,25.1,,,,,,,,,
6900,0.009636,8.295e-05,,25.2,,,,,,,,,
7000,0.009705,8.028e-05,,25.1,,,,,,,,,
7000,,,35.2688,,0.00312229,0.01432382,0.999850,0.03402325,0.01338550,0.833709,0.387053,2.886012,4.106789
7100,0.009567,7.763e-05,,35.8,,,,,,,,,
7200,0.009738,7.499e-05,,25.3,,,,,,,,,
7300,0.009744,7.238e-05,,25.0,,,,,,,,,
7400,0.009608,6.978e-05,,25.5,,,,,,,,,
7500,0.009768,6.721e-05,,25.1,,,,,,,,,
7500,,,35.2825,,0.00323268,0.01396150,0.999850,0.03453969,0.01425035,0.834006,0.382223,2.879590,4.102387
7600,0.009659,6.466e-05,,36.1,,,,,,,,,
7700,0.009701,6.213e-05,,25.3,,,,,,,,,
7800,0.009471,5.964e-05,,24.8,,,,,,,,,
7900,0.009724,5.718e-05,,25.3,,,,,,,,,
8000,0.009527,5.475e-05,,25.3,,,,,,,,,
8000,,,35.2655,,0.00302500,0.01361464,0.999850,0.03484865,0.01405195,0.834306,0.379554,2.879320,4.105194
8100,0.009553,5.235e-05,,35.8,,,,,,,,,
8200,0.009650,4.999e-05,,25.2,,,,,,,,,
8300,0.009645,4.767e-05,,24.7,,,,,,,,,
8400,0.009628,4.538e-05,,25.0,,,,,,,,,
8500,0.009616,4.314e-05,,25.5,,,,,,,,,
8500,,,35.2734,,0.00306265,0.01351259,0.999850,0.03490411,0.01408479,0.834416,0.379625,2.880227,4.102034
8600,0.009692,4.094e-05,,36.4,,,,,,,,,
8700,0.009557,3.879e-05,,25.4,,,,,,,,,
8800,0.009618,3.668e-05,,25.1,,,,,,,,,
8900,0.009587,3.462e-05,,25.0,,,,,,,,,
9000,0.009699,3.261e-05,,25.4,,,,,,,,,
9000,,,35.2741,,0.00333866,0.01514067,0.999850,0.03424001,0.01414943,0.834218,0.379278,2.874288,4.097279
9100,0.009505,3.064e-05,,35.7,,,,,,,,,
9200,0.009666,2.874e-05,,25.6,,,,,,,,,
9300,0.009615,2.688e-05,,25.5,,,,,,,,,
9400,0.009733,2.508e-05,,24.8,,,,,,,,,
9500,0.009531,2.333e-05,,25.6,,,,,,,,,
9500,,,35.2685,,0.00309597,0.01358400,0.999850,0.03442749,0.01406020,0.834613,0.379568,2.872999,4.091982
9600,0.009539,2.165e-05,,36.2,,,,,,,,,
9700,0.009704,2.002e-05,,25.0,,,,,,,,,
9800,0.009524,1.845e-05,,25.1,,,,,,,,,
9900,0.009614,1.694e-05,,25.0,,,,,,,,,
10000,0.009579,1.550e-05,,25.3,,,,,,,,,
10000,,,35.2920,,0.00304515,0.01321979,0.999850,0.03444033,0.01393221,0.834353,0.380296,2.872266,4.097343
10100,0.009612,1.412e-05,,36.1,,,,,,,,,
10200,0.009524,1.280e-05,,25.6,,,,,,,,,
10300,0.009646,1.155e-05,,25.5,,,,,,,,,
10400,0.009542,1.037e-05,,24.8,,,,,,,,,
10500,0.009600,9.248e-06,,25.4,,,,,,,,,
10500,,,35.3034,,0.00308002,0.01384880,0.999850,0.03421685,0.01389099,0.834280,0.380716,2.866094,4.095463
10600,0.009622,8.199e-06,,35.8,,,,,,,,,
10700,0.009624,7.218e-06,,25.3,,,,,,,,,
10800,0.009570,6.307e-06,,25.3,,,,,,,,,
10900,0.009619,5.467e-06,,25.0,,,,,,,,,
11000,0.009624,4.697e-06,,25.3,,,,,,,,,
11000,,,35.2937,,0.00314394,0.01409624,0.999850,0.03432322,0.01407608,0.834463,0.379102,2.865546,4.091986
11100,0.009624,3.999e-06,,35.9,,,,,,,,,
11200,0.009473,3.373e-06,,25.2,,,,,,,,,
11300,0.009603,2.819e-06,,25.1,,,,,,,,,
11400,0.009643,2.338e-06,,25.0,,,,,,,,,
11500,0.009578,1.930e-06,,25.1,,,,,,,,,
11500,,,35.2972,,0.00306632,0.01353534,0.999850,0.03451431,0.01407295,0.834559,0.378808,2.866113,4.093330
11600,0.009535,1.596e-06,,35.8,,,,,,,,,
11700,0.009621,1.336e-06,,25.5,,,,,,,,,
11800,0.009518,1.150e-06,,25.6,,,,,,,,,
11900,0.009559,1.038e-06,,24.9,,,,,,,,,
12000,0.009671,1.000e-06,,25.5,,,,,,,,,
12000,,,35.2983,,0.00307152,0.01355310,0.999850,0.03441002,0.01399793,0.834533,0.379436,2.865282,4.092373
